Tirane,Alpha Centauri A,0.97,12900,GA,Rotation,22.36,extra,0,extra,0
Esa,Alpha Centauri A/Tirane,1040000,1000,MO,,,,,,
Europos,Alpha Centauri A/Tirane,1170000,1000,MO2,,,,,,
Oikemenos,Alpha Centauri A,2.5,5000,DS,,,,,,
Neuerde,Alpha Centauri A,3,6000,FC,,,,,,
Sheol,Alpha Centauri B,1,10000,HH,,,,,,
Hades,Alpha Centauri B,1.8,1000,RC,,,,,,
Limbes,Alpha Centauri B,2.2,12000,HH2,,,,,,
Enfer,Alpha Centauri B,2.5,10000,FC2,,,,,,
Vorholle,Alpha Centauri B,3,10000,FC3,,,,,,
Purgatoire,Alpha Centauri B,4,1001,IC,,,,,,
Gallia,21 bary,106,35000,GG,,,,,,
Britannia,21 bary,115,5000,IC2,,,,,,
Caledonia,Alpha Centauri B/Britannia,15000,1000,MO3,,,,,,
Ordovicia,Alpha Centauri B/Britannia,750000,1000,MO,,,,,,
Siluria,Alpha Centauri B/Britannia,1500000,1000,MO2,,,,,,
Italia,21 bary,140,6000,FC4,,
Germania,21 bary,180,2000,IC,,
Hispania,21 bary,441,6000,FC,,
Lusitania,21 bary,710,6000,FC2,,
Moiroi: Thule,Proxima Centauri,2,40000,GG2,,
Clotho,Proxima Centauri/Moiroi,80000,1000,MO3,,
Lachesis,Proxima Centauri/Moiroi,150000,1000,MO,,
Atropos,Proxima Centauri/Moiroi,470000,1000,MO2,,
Nibelungen,Neubayern,0.67,8000,GA,Ring,2
Darmstadt,Neubayern,1.1,1000,RC,,
Munchen,Neubayern,1.9,1000,IC2,,
Wiesbaden,Neubayern,3.3,12000,FC3,,
Neuschwanstein,Neubayern,7,1000,IC4,,
Montez,Neubayern/Neuschwanstein,70000,1000,IC2,,
Essen,Neubayern,14,3000,IC3,,
Dusseldorf,Neubayern/Essen,87000,1000,MO3,,
Oberhausen,Neubayern/Essen,448000,1000,MO,,,,
Duisburg,Neubayern,22,1000,RC4,,,,
Dortmund,Neubayern,25,1000,IC2,,,,
Frankfurt,Neubayern,41,3000,IC6,,,,
Nurnberg,Neubayern/Frankfurt,6000,1000,MO2,,,,
Koln,Neubayern/Frankfurt,12000,1000,MO,,,,
Lubeck,Neubayern/Frankfurt,24000,1000,MO3,,,,
Augsburg,Neubayern,47,1000,IC2,,,,
Wurzberg,Neubayern,61,6000,FC4,,,,
Wiglaf,DM+46 1797,0.3,10000,HH,,,,
Beowulf,DM+46 1797,0.42,13969,GA,Rotation,523.2,Tile,6.25
Grendel,DM+46 1797,1,10000,PrG,Eccentricity,0.7,Inclination,20
Hrothgar,DM+46 1797,1.6,40000,GG3,,,,
Unferth,DM+46 1797,3,35000,GG4,,,,
Edgetho,DM+46 1797,4.5,2000,IC3,,,,
Brecca,DM+46 1797,9.5,2000,IC2,,,,
Higlac,DM+46 1797,10.1,2000,IC5,,,,
Hrunting,DM+46 1797/Beowulf,342000,5580,MO3,,,,
Nagling,DM+46 1797/Beowulf,479360,4275,MO2,,,,
Kimanjano,DM+34 2342,0.5,12043,kimanjano,Rotation,25.28,Tilt,21
Tamburg,DM+34 2342,1.1,5280,DS2,,,,
Setanne,DM+34 2342,2,98000,GG,,,,
Nivith,DM+34 2342,2.9,100000,GG2,,,,
Roubaix,DM+34 2342,4,120000,GG3,,,,
Lyth,DM+34 2342,7.7,44000,GG4,Rotation,28.5,,
Dedre: Bamenda,DM+34 2342/Kimanjano,841600,1260,MO3,,,,
Beta Canum 1,Beta Canum Venaticorum,0.2,5000,HH,Ring,1,,
Beta Canum 2,Beta Canum Venaticorum,0.3,6000,HH,,,,
Beta Canum 3,Beta Canum Venaticorum,0.55,19000,HH,,,,
Beta Canum 4,Beta Canum Venaticorum,1.13,12000,GA,Rotation,20.4,Tilt,19
Beta Canum 5,Beta Canum Venaticorum,2.27,4000,IC3,,,,
Beta Canum 6,Beta Canum Venaticorum,8.16,7000,FC2,,,,
Beta Canum 7,Beta Canum Venaticorum,12.25,4000,IC4,,,,,,
Beta Canum 8,Beta Canum Venaticorum,15.92,16000,GG3,Ring,3,,,,
Beta Canum 1b,Beta Canum Venaticorum/Beta Canum 1,224000,4000,MO,,,,,,
Beta canum 2b,Beta Canum Venaticorum/Beta Canum 2,392000,4000,MO2,,,,,,
Beta Canum 8a,Beta Canum Venaticorum/Beta Canum 8,32000,4000,IC5,,,,,,
Beta Canum 8b,Beta Canum Venaticorum/Beta Canum 8,48000,100,RC3,,,,,,
Beta Canum 8c,Beta Canum Venaticorum/Beta Canum 8,112000,5000,RC,,,,,,
Beta Canum 8d,Beta Canum Venaticorum/Beta Canum 8,1760000,2000,IC6,,,,,,
Crater,Henry�s Star,0.38,11041,GA,Tilt,3,Rotation,18.25,,
Chaud,61 Ursae Majoris,0.2,10000,HH,Henry and Cath 2 au ,,,,,
Gris,61 Ursae Majoris,0.5,10000,HH,,,,,,
Joi,61 Ursae Majoris,0.765,16992,GA,Tilt,14,Eccentricity,0.0136,Rotation,28.93
Frais,61 Ursae Majoris,1.3,17000,FC4,,,,,,
Froid,61 Ursae Majoris,1.8,13000,FC4,,,,,,
Blanc,61 Ursae Majoris,3.2,5000,IC5,,,,,,
Facile,61 Ursae Majoris,5.1,3000,IC6,,,,,,
Plain,61 Ursae Majoris,7,10000,FC2,,
Etroit,61 Ursae Majoris,10,10000,FC3,,
Clair,61 Ursae Majoris,13,2000,IC,,
Bebe,61 Ursae Majoris,55,3000,IC2,,
Mince,61 Ursae Majoris,64,6000,IC3,,
Hiver,61 Ursae Majoris,72,4000,DS2,,
Grandpere,61 Ursae Majoris,154,38000,GG,,
Blanche,61 Ursae Majoris/Joi,254875,3896,MO3,white,
Argent,61 Ursae Majoris/Joi,339850,2030,MO,,
Or,61 Ursae Majoris/Joi,1019525,6112,DS3,Inclination,135
Boulder,163 bary,0.5,2000,RC3,2 G-M systems sep 12.188AU,
Kie-Yuma,163 bary,0.69,22000,PrG,Rotation,26.501
Petrolia,163 bary,0.98,8000,DS4,,
Pinhole,163 bary,3,4000,IC4,,
Magnussen,163 bary,4.2,17000,GG4,,
Elliott,164 bary,1.8,3000,RC,,
White,164 bary,3,3000,RC2,,
Carlson,164 bary,3.4,6000,IC5,,
Layton,164 bary,4.8,6000,IC6,,
Oberlin,163 bary/Kie-Yuma,132000,1600,MO,tidally locked,
Thurman,163 bary/Kie-Yuma,888000,5000,RC,reddish tidally locked,
Adlerhorst,Vogelheim,0.5,14000,GA,Rotation,27.8
Ptak,Vogelheim,0.85,26000,FC4,,
Pasare,Vogelheim,1.28,2000,IC,,
Oiseau,Vogelheim,1.91,11000,FC,,
Aigle,Vogelheim/Oiseau,330000,6000,DS5,,
Pouli,Vogelheim,3.5,4000,IC2,,
Tori,Vogelheim,4.6,18000,FC2,,
Washi,Vogelheim/Tori,36000,300,IC3,,
Ahiru,Vogelheim/Tori,72000,600,RC2,,
Kijuuki,Vogelheim/Tori,1260000,300,IC4,,
Ndege,Vogelheim,8.2,14000,FC3,,
Winchi,Vogelheim/Ndege,980000,1000,IC5,,
Bata,Vogelheim/Ndege,1540000,2000,RC4,,
Aves,Vogelheim,15.6,11000,FC4,,
Tsipor,Vogelheim,36.4,190000,GG5,,
Manof,Vogelheim/Tsipor,57000,4000,IC6,,
Nescher,Vogelheim/Tsipor,76000,1000,RC2,,
Beytsah,Vogelheim/Tsipor,855000,1000,RC,,
Avazah,Vogelheim/Tsipor,1140000,100,RC3,,
Yonah,Vogelheim/Tsipor,2470000,900,RC,,
Tarnegol,Vogelheim/Tsipor,2660000,3000,IC,,
Barvaz,Vogelheim/Tsipor,2850000,1000,IC2,,
Senere,Beta Comae Berenices,0.4,17000,HH,,
Delecroix,Beta Comae Berenices,1,5000,DS2,,
Nous Voila,Beta Comae Berenices,1.48,15000,GL,Rotation,31.3
Un,Beta Comae Berenices,2.1,17000,GG6,,
Du,Beta Comae Berenices,3.3,14000,GG7,,
Trois,Beta Comae Berenices,6.2,16000,GG8,,
Dunkelheim,DM+36 2393,0.55,6000,DS3,Rotation,13.25
Lothus,DM+36 2393,0.75,6000,DS4,,
Jodocus,DM+36 2393,0.9,6000,DS,,
Hochbaden,DM+27 2296,0.4,6000,DS2,Rotation,15
Stein,DM+27 2296,0.5,960,RC2,Inclination,30
Sturmwelt,DM+27 2296,1.2,60000,GG,,
Hoffman,DM+27 2296,2.2,2000,IC3,,
Hesperus,125 bary,4.6,19000,GG,stars Muphrid rubis mean sep 1.43 au period 595 days,
Tithonus,125 bary,6,119000,BD,,
Laodemon,125 bary,8.3,15000,GG,,
Theia,125 bary,12,68000,GG2,,
Astraeus,125 bary,19,80000,GG3,Ring,4
Aurore,125 bary/Tithonus,927525,9450,GA,,
Han-Shan:Cold Mountain,Delta Pavonis,1,10246,GA,,
Yu Huangdi,Delta Pavonis,6.7,88000,GG4,Ring,5
Sky Mountain,Delta Pavonis,0.3,1575,RC,,,,
Marishi-ten,Beta Hydri,0.7,3000,RC2,#,,,
Daikoku,Beta Hydri,1.601,20994,GA,Rotation,25.82,Tilt,15.2
Ebisu,Beta Hydri,2.2,22000,DS5,#,,,
Kintaro,Beta Hydri,4.2,1000,RC,#,,,
Bishamonten,Beta Hydri,8.3,32000,GG6,#,,,
Benzaiten,Beta Hydri,11.5,136000,GG7,#,,,
Fukurokuju,Beta Hydri,25,120000,GG8,#,,,
Hotei,Beta Hydri,32,140000,GG,Ring,6,,
Jurojin,Beta Hydri,43,1000,IC3,#,,,
Kichijoten,Beta Hydri,46,20000,IC4,#,,,
Mallet,Beta Hydri/Daikoku,210000,2000,MO,,,,
Rice,Beta Hydri/Daikoku,1680000,5000,MO2,,,,
Sack,Beta Hydri/Daikoku,2730000,2100,MO3,locked sun,,,
Gaaumouhjeung,Zeta Tucanae,0.8,132000,GG2,,,,
Syuhlamn,Zeta Tucanae,1.1,13550,GA,Rotation,17.67,,
Yahnhaak,Zeta Tucanae,4.2,12000,FC,,,,
Hongaangge,Zeta Tucanae,18.7,36000,GG3,,,,
Jahtsyun,Zeta Tucanae/Gaaumouhjeung,6570000,663,MO,,,,
Jahtsyunneui,Zeta Tucanae/Gaaumouhjeung,7370000,1300,MO2,,,,
Neuih Syun,Zeta Tucanae/Gaaumouhjeung,8770000,2300,MO3,,,,
Syun,Zeta Tucanae/Gaaumouhjeung,8960000,5000,DS,,,,
Steinwuste,Rho Eridani,0.08,3000,RC2,,,,
Heidelsheimat,Rho Eridani,0.348,13997,GA,Rotation,31.2,Tilt,13.3
Kinderwelt,Rho Eridani,0.55,22000,GG4,,,,
Gerollblock,Rho Eridani,5.2,15000,GG5,,,,
Kampfbereich,Rho Eridani,27,112000,GG6,,,,
Granite,DM-56 328,0.03,3000,RC,,,,
Basalt,DM-56 328,0.5,5000,RC2,,,,
Xuanpu,Epsilon Indi,0.2,8000,HH,,,,
Chengdu,Epsilon Indi,0.45,11980,GA,Tilt,2.8,Rotation,20.13
Yaochi,Epsilon Indi,4.1,22000,GG,,,,
Fusang,Epsilon Indi,8.4,1000,RC,,,,
Longmen,Epsilon Indi,17,156000,BD,,,,
Nereus,DM+20 5046,0.2,8000,RC3,,,,
Doris,DM+20 5046,0.3,12000,GA,Ring,1,Rotation,22.25
Achilles,DM+20 5046,0.39,999,RC,,,,
Pontus,DM+20 5046,0.7,3000,IC5,,,,
Ellesmere,DM+20 5046/Doris,26000,2,RC2,in ring,,,
Lupei,Tau Ceti,0.2,4000,RC,,,,
Kwantung,Tau Ceti,0.72,10000,GA,Rotation,35,,
Taonan,Tau Ceti,1.2,5000,DS2,,,,
Foshan,Tau Ceti,5,20000,GG7,,,,
Sanhsing,Tau Ceti,15,38000,GG8,,,,
Shuangcheng,Tau Ceti,35,4000,IC6,Inclination,20,,
Hsifeng,Tau Ceti,42,3000,IC,Inclination,30,,
Yin,Tau Ceti/Kwantung,940000,275,MO3,,,,
Yang,Tau Ceti/Kwantung,370000,530,MO,,,,
Dukou,Epsilon Eridani A,0.7,17000,GL,Rotation,37.2
Yibin,Epsilon Eridani A,1.4,5000,IC2,,
Zigong,Epsilon Eridani A,12,38000,GG,,
Chongqing,Epsilon Eridani A,35,172000,GG2,,
Dazhou,Epsilon Eridani B,1.2,12000,HH,#,
Meishan,Epsilon Eridani B,4.3,17000,FC3,#,
Phaeton,Omicron 2 Eridani,0.12,4000,RC4,stars 400 au apart subsys 34 au,
Montana,Omicron 2 Eridani,0.34,11347,GA,Rotation,36
San Martin,Omicron 2 Eridani,1.2,6000,DS3,,
San Pedron,Omicron 2 Eridani,2.5,6000,DS4,,
Gabriel,Omicron 2 Eridani,22,104000,GG3,angelic name satelites,
Nieve,Omicron 2 Eridani,41,5000,IC3,,
La Luna,Omicron 2 Eridani/Montana,568500,3544,MO2,19 hour tides,
Austin's World,DM-3 1123,0.18,13523,GA,,
Vanderbildt,DM-3 1123,2.25,45000,GG4,Inclination,48
Atlanta,Procyon A,1,2500,RC3,,
Hippomenes,Procyon A,2.1,3000,RC2,,,,,,
Paulo bary,Procyon A,3.5,0,Bary,,,,,,
Paulo,Procyon A/Paulo bary,100000,12928,GA,MeanLongitude,0,Period,0.11,Rotation,28
Pedro,Procyon A/Paulo bary,100000,13000,DS5,MeanLongitude,180,Period,0.11,,
King,DM+2 3312,0.2,30750,PrG,Rotation,19.65,Tilt,37,,
Dawes,DM+2 3312,0.32,12000,GL,,,,,,
Borlaug,DM+2 3312,0.67,100000,GG5,Ring,3,,,,
Kissinger,DM+2 3312,1,4000,RC,Tilt,80,Eccentricity,0.4,,
Tho,DM+2 3312/Kissinger,80000,2000,RC2,,,,,,
Carter,DM+2 3312,1.71,25000,GG6,,,,,,
Abernathy,DM+2 3312/King,750000,4500,MO3,,,,,,
Gemini,Mu Herculis A,0.79,1500,RC,,,,,,
Apollo,Mu Herculis A,1.5,3000,RC2,,,,,,
Hermes,Mu Herculis A,1.7,9600,GL,Rotation,9.06,Tilt,33,,
Tangent,Mu Herculis A,2.5,1000,RC,,,,,,
Phoenix,Mu Herculis A,3.2,5000,RC4,,,,,,
Odysseus,Mu Herculis A,18,4000,IC4,,,,
Ellis,AC+48 1595 89,0.07,12850,GA,Rotation,18.02,Tilt,2
Oyster,AC+48 1595 89,0.15,90000,GG7,,,,
Boise,AC+48 1595 89,0.15,3,RC,,,,
Gibbet,AC+48 1595 89,0.27,80000,GG8,,,,
Carlton,AC+48 1595 89/Oyster,900000,5000,GG2,looks like titan,,,
Newgate,DM+33 2777,0.1,4000,RC,,,,
Gehenna,DM+33 2777,0.27,13000,HH,,,,
Rock,DM+33 2777,0.45,3000,RC2,,,,
Botany Bay,DM+33 2777,0.8,11200,GA,Rotation,22.27,,
Hard Place,DM+33 2777,1,3000,RC,,,,
Bold,DM+33 2777,1.3,1000,RC4,,,,
Alcatraz,DM+33 2777,3,20000,FC4,,,,
Outworld,DM+33 2777,3.3,5000,IC5,,,,
Tannhauser,DM+33 2777,5,92000,GG,,,,
Meridian,DM+33 2777,10.5,5000,FC,,,,
Ayers,Zeta Herculis A,0.25,5000,DS,stars av 8 au distant,,,
Woomera,Zeta Herculis A,0.9,4000,RC,,,,
Musgrave,Zeta Herculis A,1.5,9000,HH,,,,
Kingsland,Zeta Herculis A,2.5,12000,GA,Tilt,0.1,Rotation,41
Tanami,Zeta Herculis B,0.01,5000,DS2,,,,
Nappanerica,Zeta Herculis B,1.1,5000,DS3,,,,
Kakadu,Zeta Herculis B,1.5,8000,FC2,,,,
Enderby,Zeta Herculis B,2.8,7000,IC6,,,,
Prime,Zeta Herculis A/Kingsland,480000,669,RC,,,,
Second,Zeta Herculis A/Kingsland,1200000,3000,MO,,,,
Tintagel,DM-34 11626 A,0.14,4000,DS4,,,,
Avalon,DM-34 11626 A,0.42,10476,GA,Rotation,21.35,,
Lothian,DM-34 11626 A,0.5,2000,IC,,,,
Lyonesse,DM-34 11626 A,0.91,8000,FC,,,,
Pewees,DM-34 11626 A,1.2,6000,DS5,,,,
Anon,DM-34 11626 A,1.37,9000,FC3,,,,
Guinevere,DM-34 11626 B,0.83,4000,RC3,b orbit 112 au,
Lancelot,DM-34 11626 B,1.16,6000,IC2,,
Coalman,DM-34 11626 C,0.32,10000,FC4,,
Mordred,DM-34 11626 A/Avalon,1255200,702,MO,,
Gawain,DM-34 11626 A/Avalon,1150600,1000,MO2,,
1,DM+10 2531,0.38,10000,HH,,
2,DM+10 2531,0.58,4000,DS,,
Freiland,DM+10 2531,0.89,8300,GA,Rotation,31
3,DM+10 2531,1.07,5000,DS2,,
4,DM+10 2531,1.62,2000,IC3,,
5,DM+10 2531,2.77,18000,GG2,,
6,DM+10 2531,3.91,2000,IC4,,
Kleiner Bruder,DM+10 2531/Freiland,498000,3000,DS3,,
Haifeng,L 1159-16,0.11,11990,GA,,
Eriksson,AC+17 534-105,0.22,9750,GA,tidally locked,
Mackenzie,AC+17 534-105,0.34,10000,FC,,
McDonald,AC+17 534-105,0.5,6000,FC2,,,,
Lamp,82 Eridani,0.1,1000,RC,,,,
Fire,82 Eridani,0.3,2000,RC3,,,,
Herald,82 Eridani,0.75,17000,HH,,,,
Kormoran,82 Eridani,0.8568,14043,GA,Rotation,17.8,Tilt,29
Flirt,82 Eridani,1.5,6000,DS4,,,,
Soul Stealer,82 Eridani,2.5,128000,GG3,,,,
Spark,82 Eridani,4.7,8000,IC5,,,,
Dark One,82 Eridani,10,21000,GG4,,,,
Dancer,82 Eridani/Kormoran,350000,3400,MO3,,,,
Perch,82 Eridani/Kormoran,140000,98,RC,,,,
Knot,82 Eridani/Kormoran,1260000,172,RC4,,,,
Red One,DM+4 123,0.25,5000,DS5,,,,
Enchanted,DM+4 123,0.56,13000,HH,,,,
Stark,DM+4 123,0.87,10990,GA,Rotation,27.6,,
Vivid,DM+4 123,1.38,600,CH,,,,
High Wind,DM+4 123,2.04,188000,GG6,,,,,,
Danger Wind,DM+4 123,4.01,140000,GG5,,,,,,
Long Flyer,DM+4 123,5.22,5000,IC6,,,,,,
Home of the Mother,DM+4 123/High Wind,710000,9980,GA,,,,,,
Eckhardstein,DM+17 2611 A,0.39,1000,RC,#,,,,,
Lightfall,DM+17 2611 A,0.51,10550,GL,Eccentricity,0.75,Inclination 20,12,Rotation,26.2
Robinson,DM+17 2611 A,3.5,12000,FC3,#,,,,,
Parkinson,DM+17 2611 A,4.3,11000,FC4,#,,,,,
Churchill,DM+17 2611 A,5.2,56000,GG7,#,,,,,
Inferno,Nyotekundu,0.18,10943,FC,Tilt,26.6,Eccentricity,0.76,,
Caina,Nyotekundu,0.25,3000,RC3,,,,,,
Antenora,Nyotekundu,0.55,3000,RC4,,,,,,
Tolomea,Nyotekundu,1.8,5000,IC5,,,,,,
Giudecca,Nyotekundu,2.1,4000,IC4,,,,,,
Cocito,Nyotekundu,6.2,394240,GG8,Ring,6,Tilt,18,,
Sans Souchi,DM+36 2219,0.07,11610,GL,Rotation ,24.08,,,,
Limousin,DM+36 2219,0.6,6000,DS5,,
Querey,DM+36 2219,1.1,8000,FC,,
Artifice,DM+36 2219,4.8,80000,GG,,
Rouergue,DM+36 2219,5.2,7000,IC3,,
Optimisme,DM+36 2219/Sans Souci,1740000,1000,MO2,,
Einfach,DM+27 28217,0.4,1000,FC4,,
Sch�newelt,DM+27 28217,1.1,6000,FC2,,
Grossfather,DM+27 28217,6,14000,GG4,,
Kadmos,Augereau,0.7,18000,GG5,claimed dist primary 6.21 ecc 0.86,
Ino,Augereau,2.9,9000,FC,,
Agave,Augereau,4,10000,FC3,,
Avtonoe,Augereau,8,5000,IC5,,
Perteus,Augereau,22,140000,GG7,,
Dionysos,Augereau,57,118000,GG8,Ring,5
Zeus,Bessieres,0.5,176000,GG6,Ring,3
Hefaistos,Bessieres,1.4,20000,GG7,Ring,2
Hestia,Bessieres,1.9,6000,DS5
Ares,Bessieres,6.2,76000,GG8
Poseidon,Bessieres,10,7000,IC4
Hades,Bessieres,22,4000,DS2
Bahia,Ross 614,0.8,17000,HH2
Alagonas,Ross 614,1.2,23000,HH
Goyaz,Ross 614,4.7,5000,IC6
Calmette,Berthier,0.5,3000,RC
Teresas,Berthier,1.5,16000,FC2
Cordier,Berthier,8.4,18000,GG3
Remus,Ross 128,1.1,7000,FC3
Sybaris,Ross 128,2.2,1000,IC5
Zephyrus,Ross 128,6.2,6000,FC
